,Instructions
0,startseq preheat oven to three hundred and seventy five degrees one hundred and ninety degrees in large bowl cream together the butter brown sugar and white sugar until smooth beat in the eggs one at time then stir in the vanilla and mashed wine combine the flour baking soda and salt stir into the creamed mixture finally stir in the chocolate chips drop by rounded spoonfuls onto the prepared cookie sheets bake for eight to ten minutes in the preheated oven allow cookies to cool on baking sheet for five minutes before removing to wire rack to cool completely endseq
1,startseq preheat oven to three hundred and seventy five degrees one hundred and ninety degrees in large bowl cream together the butter brown sugar and white sugar until smooth beat in the eggs one at time then stir in the vanilla and mashed wine combine the flour baking soda and salt stir into the creamed mixture finally stir in the chocolate chips drop by rounded spoonfuls onto the prepared cookie sheets bake for eight to ten minutes in the preheated oven allow cookies to cool on baking sheet for five minutes before removing to wire rack to cool completely endseq
2,startseq preheat oven to three hundred and seventy five degrees one hundred and ninety degrees in large bowl cream together the butter brown sugar and white sugar until smooth beat in the eggs one at time then stir in the vanilla and mashed wine combine the flour baking soda and salt stir into the creamed mixture finally stir in the chocolate chips drop by rounded spoonfuls onto the prepared cookie sheets bake for eight to ten minutes in the preheated oven allow cookies to cool on baking sheet for five minutes before removing to wire rack to cool completely endseq
3,startseq preheat oven to three hundred and seventy five degrees one hundred and ninety degrees in large bowl cream together the butter brown sugar and white sugar until smooth beat in the eggs one at time then stir in the vanilla and mashed wine combine the flour baking soda and salt stir into the creamed mixture finally stir in the chocolate chips drop by rounded spoonfuls onto the prepared cookie sheets bake for eight to ten minutes in the preheated oven allow cookies to cool on baking sheet for five minutes before removing to wire rack to cool completely endseq
4,startseq preheat oven to three hundred and seventy five degrees one hundred and ninety degrees in large bowl cream together the butter brown sugar and white sugar until smooth beat in the eggs one at time then stir in the vanilla and mashed wine combine the flour baking soda and salt stir into the creamed mixture finally stir in the chocolate chips drop by rounded spoonfuls onto the prepared cookie sheets bake for eight to ten minutes in the preheated oven allow cookies to cool on baking sheet for five minutes before removing to wire rack to cool completely endseq
5,startseq preheat oven to three hundred and seventy five degrees one hundred and ninety degrees in large bowl cream together the butter brown sugar and white sugar until smooth beat in the eggs one at time then stir in the vanilla and mashed wine combine the flour baking soda and salt stir into the creamed mixture finally stir in the chocolate chips drop by rounded spoonfuls onto the prepared cookie sheets bake for eight to ten minutes in the preheated oven allow cookies to cool on baking sheet for five minutes before removing to wire rack to cool completely endseq
6,startseq preheat oven to three hundred and seventy five degrees one hundred and ninety degrees in large bowl cream together the butter brown sugar and white sugar until smooth beat in the eggs one at time then stir in the vanilla and vanilla combine the flour baking soda and salt stir into the creamed mixture finally stir in the chocolate chips drop by rounded spoonfuls onto the prepared cookie sheets bake for ten to twelve minutes in the preheated oven allow cookies to cool on baking sheet for five minutes before removing to wire rack to cool completely endseq
7,startseq preheat oven to three hundred and seventy five degrees one hundred and ninety degrees beat butter yogurt brown sugar and white sugar in large bowl beat with an electric mixer until creamy beat in eggs one at time beating well after each addition beat in flour mixture until well incorporated fold in chocolate chips drop dough by heaping teaspoonfuls onto ungreased cookie sheets bake for eight to ten minutes in the preheated oven allow cookies to cool on baking sheet for five minutes before removing to wire rack to cool completely endseq
8,startseq preheat oven to three hundred and seventy five degrees one hundred and ninety degrees in large bowl cream together the butter brown sugar and white sugar until smooth beat in the eggs one at time then stir in the vanilla and mashed wine combine the flour baking soda and salt stir into the creamed mixture finally stir in the chocolate chips drop by rounded spoonfuls onto the prepared cookie sheets bake for eight to ten minutes in the preheated oven allow cookies to cool on baking sheet for five minutes before removing to wire rack to cool completely endseq
9,startseq preheat oven to three hundred and seventy five degrees one hundred and ninety degrees in large bowl cream together the butter brown sugar and white sugar until smooth beat in the eggs one at time then stir in the vanilla and mashed wine combine the flour baking soda and salt stir into the creamed mixture finally stir in the chocolate chips drop by rounded spoonfuls onto the prepared cookie sheets bake for eight to ten minutes in the preheated oven allow cookies to cool on baking sheet for five minutes before removing to wire rack to cool completely endseq
10,startseq preheat oven to three hundred and seventy five degrees one hundred and ninety degrees in large bowl cream together the butter brown sugar and white sugar until smooth beat in the eggs one at time then stir in the vanilla and mashed wine combine the flour baking soda and salt stir into the creamed mixture finally stir in the chocolate chips drop by rounded spoonfuls onto the prepared cookie sheets bake for eight to ten minutes in the preheated oven allow cookies to cool on baking sheet for five minutes before removing to wire rack to cool completely endseq
11,startseq preheat oven to three hundred and seventy five degrees one hundred and ninety degrees in large bowl cream together the butter brown sugar and white sugar until smooth beat in the eggs one at time then stir in the vanilla and mashed wine combine the flour baking soda and salt stir into the creamed mixture finally stir in the chocolate chips drop by rounded spoonfuls onto the prepared cookie sheets bake for eight to ten minutes in the preheated oven allow cookies to cool on baking sheet for five minutes before removing to wire rack to cool completely endseq
12,startseq preheat oven to three hundred and seventy five degrees one hundred and ninety degrees in large bowl cream together the butter brown sugar and white sugar until smooth beat in the eggs one at time then stir in the vanilla and mashed wine combine the flour baking soda and salt stir into the creamed mixture finally stir in the chocolate chips drop by rounded spoonfuls onto the prepared cookie sheets bake for eight to ten minutes in the preheated oven allow cookies to cool on baking sheet for five minutes before removing to wire rack to cool completely endseq
13,startseq preheat oven to three hundred and seventy five degrees one hundred and ninety degrees grease cookie sheets in large bowl cream together the butter brown sugar and white sugar until smooth beat in the eggs one at time then stir in the vanilla and vanilla combine the flour baking soda and salt stir into the creamed mixture finally stir in the chocolate chips drop by rounded spoonfuls onto the prepared cookie sheets bake for eight to ten minutes in the preheated oven allow cookies to cool on baking sheet for five minutes before removing to wire rack to cool completely endseq
14,startseq preheat oven to three hundred and seventy five degrees one hundred and ninety degrees in large bowl cream together the butter brown sugar and white sugar until smooth beat in the eggs one at time then stir in the vanilla and mashed wine combine the flour baking soda and salt stir into the creamed mixture finally stir in the chocolate chips drop by rounded spoonfuls onto the prepared cookie sheets bake for eight to ten minutes in the preheated oven allow cookies to cool on baking sheet for five minutes before removing to wire rack to cool completely endseq
15,startseq preheat oven to three hundred and seventy five degrees one hundred and ninety degrees in large bowl cream together the butter brown sugar and white sugar until smooth beat in the eggs one at time then stir in the vanilla and mashed wine combine the flour baking soda and salt stir into the creamed mixture finally stir in the chocolate chips drop by rounded spoonfuls onto the prepared cookie sheets bake for eight to ten minutes in the preheated oven allow cookies to cool on baking sheet for five minutes before removing to wire rack to cool completely endseq
16,startseq preheat oven to three hundred and seventy five degrees one hundred and ninety degrees in large bowl cream together the butter brown sugar and white sugar until smooth beat in the eggs one at time then stir in the vanilla and mashed wine combine the flour baking soda and salt stir into the creamed mixture finally stir in the chocolate chips drop by rounded spoonfuls onto the prepared cookie sheets bake for eight to ten minutes in the preheated oven allow cookies to cool on baking sheet for five minutes before removing to wire rack to cool completely endseq
17,startseq preheat oven to three hundred and seventy five degrees one hundred and ninety degrees in large bowl cream together the butter brown sugar and white sugar until smooth beat in the eggs one at time then stir in the vanilla and mashed wine combine the flour baking soda and salt stir into the creamed mixture finally stir in the chocolate chips drop by rounded spoonfuls onto the prepared cookie sheets bake for eight to ten minutes in the preheated oven allow cookies to cool on baking sheet for five minutes before removing to wire rack to cool completely endseq
18,startseq preheat oven to three hundred and seventy five degrees one hundred and ninety degrees in large bowl cream together the butter brown sugar and white sugar until smooth beat in the eggs one at time then stir in the vanilla and mashed wine combine the flour baking soda and salt stir into the creamed mixture finally stir in the chocolate chips drop by rounded spoonfuls onto the prepared cookie sheets bake for eight to ten minutes in the preheated oven allow cookies to cool on baking sheet for five minutes before removing to wire rack to cool completely endseq
19,startseq preheat oven to three hundred and seventy five degrees one hundred and ninety degrees in large bowl cream together the butter brown sugar and white sugar until smooth beat in the eggs one at time then stir in the vanilla and mashed wine combine the flour baking soda and salt stir into the creamed mixture finally stir in the chocolate chips drop by rounded spoonfuls onto the prepared cookie sheets bake for eight to ten minutes in the preheated oven allow cookies to cool on baking sheet for five minutes before removing to wire rack to cool completely endseq
20,startseq preheat oven to three hundred and seventy five degrees one hundred and ninety degrees in large bowl cream together the butter brown sugar and white sugar until smooth beat in the eggs one at time then stir in the vanilla and almond extracts blend in the dry ingredients until well blended fold in the chocolate chips drop by rounded spoonfuls onto the prepared cookie sheets bake for eight to ten minutes in the preheated oven allow cookies to cool on baking sheet for five minutes before removing to wire rack to cool completely endseq
21,startseq preheat oven to three hundred and seventy five degrees one hundred and ninety degrees in large bowl cream together the butter brown sugar and white sugar until smooth beat in the eggs one at time then stir in the vanilla and mashed wine combine the flour baking soda and salt stir into the creamed mixture finally stir in the chocolate chips drop by rounded spoonfuls onto the prepared cookie sheets bake for eight to ten minutes in the preheated oven allow cookies to cool on baking sheet for five minutes before removing to wire rack to cool completely endseq
22,startseq preheat oven to three hundred and seventy five degrees one hundred and ninety degrees in large bowl cream together the butter brown sugar and white sugar until smooth beat in the eggs one at time then stir in the vanilla and mashed wine combine the flour baking soda and salt stir into the creamed mixture finally stir in the chocolate chips drop by rounded spoonfuls onto the prepared cookie sheets bake for eight to ten minutes in the preheated oven allow cookies to cool on baking sheet for five minutes before removing to wire rack to cool completely endseq
23,startseq preheat oven to three hundred and seventy five degrees one hundred and ninety degrees in large bowl cream together the butter brown sugar and white sugar until smooth beat in the eggs one at time then stir in the vanilla and mashed wine combine the flour baking soda and salt stir into the creamed mixture finally stir in the chocolate chips drop by rounded spoonfuls onto the prepared cookie sheets bake for eight to ten minutes in the preheated oven allow cookies to cool on baking sheet for five minutes before removing to wire rack to cool completely endseq
24,startseq preheat oven to three hundred and seventy five degrees one hundred and ninety degrees in large bowl cream together the butter brown sugar and white sugar until smooth beat in the eggs one at time then stir in the vanilla and mashed wine combine the flour baking soda and salt stir into the creamed mixture finally stir in the chocolate chips drop by rounded spoonfuls onto the prepared cookie sheets bake for eight to ten minutes in the preheated oven allow cookies to cool on baking sheet for five minutes before removing to wire rack to cool completely endseq
25,startseq preheat oven to three hundred and seventy five degrees one hundred and ninety degrees in large bowl cream together the butter brown sugar and white sugar until smooth beat in the eggs one at time then stir in the vanilla and mashed wine combine the flour baking soda and salt stir into the creamed mixture finally stir in the chocolate chips drop by rounded spoonfuls onto the prepared cookie sheets bake for eight to ten minutes in the preheated oven allow cookies to cool on baking sheet for five minutes before removing to wire rack to cool completely endseq
26,startseq preheat oven to three hundred and seventy five degrees one hundred and ninety degrees in large bowl cream together the butter brown sugar and white sugar until smooth beat in the eggs one at time then stir in the vanilla and mashed wine combine the flour baking soda and salt stir into the creamed mixture finally stir in the chocolate chips drop by rounded spoonfuls onto the prepared cookie sheets bake for eight to ten minutes in the preheated oven allow cookies to cool on baking sheet for five minutes before removing to wire rack to cool completely endseq
27,startseq preheat oven to three hundred and seventy five degrees one hundred and ninety degrees in large bowl cream together the butter brown sugar and white sugar until smooth beat in the eggs one at time then stir in the vanilla and mashed banana mix in the dry ingredients until well blended then stir in the chocolate chips drop by rounded spoonfuls onto the prepared cookie sheets bake for eight to ten minutes in the preheated oven allow cookies to cool on baking sheet for five minutes before removing to wire rack to cool completely endseq
28,startseq preheat oven to three hundred and seventy five degrees one hundred and ninety degrees in large bowl cream together the butter brown sugar and white sugar until smooth beat in the eggs one at time then stir in the vanilla and mashed wine combine the flour baking soda and salt stir into the creamed mixture finally stir in the chocolate chips drop by rounded spoonfuls onto the prepared cookie sheets bake for eight to ten minutes in the preheated oven allow cookies to cool on baking sheet for five minutes before removing to wire rack to cool completely endseq
29,startseq preheat oven to three hundred and seventy five degrees one hundred and ninety degrees in large bowl cream together the butter brown sugar and white sugar until smooth beat in the eggs one at time then stir in the vanilla and mashed wine combine the flour baking soda and salt stir into the creamed mixture finally stir in the chocolate chips drop by rounded spoonfuls onto the prepared cookie sheets bake for eight to ten minutes in the preheated oven allow cookies to cool on baking sheet for five minutes before removing to wire rack to cool completely endseq
30,startseq preheat oven to three hundred and seventy five degrees one hundred and ninety degrees in large bowl cream together the butter brown sugar and white sugar until smooth beat in the eggs one at time then stir in the vanilla and mashed wine combine the flour baking soda and salt stir into the creamed mixture finally stir in the chocolate chips drop by rounded spoonfuls onto the prepared cookie sheets bake for eight to ten minutes in the preheated oven allow cookies to cool on baking sheet for five minutes before removing to wire rack to cool completely endseq
31,startseq preheat oven to three hundred and seventy five degrees one hundred and ninety degrees in large bowl cream together the butter brown sugar and white sugar until smooth beat in the eggs one at time then stir in the vanilla and vanilla combine the flour baking soda and salt stir into the creamed mixture finally stir in the chocolate chips drop by rounded spoonfuls onto the prepared cookie sheets bake for eight to ten minutes in the preheated oven allow cookies to cool on baking sheet for five minutes before removing to wire rack to cool completely endseq
